epoch,cpu_seconds,rss_bytes,processed
1785693313.719,0.23,198787072.0,1552.0
1785693314.061,0.4,201359360.0,3142.0
1785693314.410,0.56,203485184.0,4894.0
1785693314.753,0.73,203616256.0,6634.0
1785693315.106,0.9099999999999999,203616256.0,8268.0
1785693315.463,1.0699999999999998,203616256.0,10000.0
1785693315.524,1.08,203616256.0,10000.0
1785693315.835,1.08,203616256.0,10000.0
1785693316.144,1.08,203616256.0,10000.0
1785693316.455,1.08,203616256.0,10000.0
1785693316.765,1.08,203616256.0,10000.0
1785693317.078,1.08,203747328.0,10000.0
